[{"model": "contenttypes.contenttype", "pk": 1, "fields": {"app_label": "admin", "model": "logentry"}}, {"model": "contenttypes.contenttype", "pk": 2, "fields": {"app_label": "auth", "model": "permission"}}, {"model": "contenttypes.contenttype", "pk": 3, "fields": {"app_label": "auth", "model": "group"}}, {"model": "contenttypes.contenttype", "pk": 4, "fields": {"app_label": "auth", "model": "user"}}, {"model": "contenttypes.contenttype", "pk": 5, "fields": {"app_label": "contenttypes", "model": "contenttype"}}, {"model": "contenttypes.contenttype", "pk": 6, "fields": {"app_label": "sessions", "model": "session"}}, {"model": "contenttypes.contenttype", "pk": 7, "fields": {"app_label": "blog", "model": "blogtype"}}, {"model": "contenttypes.contenttype", "pk": 8, "fields": {"app_label": "blog", "model": "blog"}}, {"model": "contenttypes.contenttype", "pk": 9, "fields": {"app_label": "read_statistics", "model": "readdetail"}}, {"model": "contenttypes.contenttype", "pk": 10, "fields": {"app_label": "read_statistics", "model": "readnum"}}, {"model": "contenttypes.contenttype", "pk": 11, "fields": {"app_label": "comment", "model": "comment"}}, {"model": "contenttypes.contenttype", "pk": 12, "fields": {"app_label": "likes", "model": "likerecord"}}, {"model": "contenttypes.contenttype", "pk": 13, "fields": {"app_label": "likes", "model": "likecount"}}, {"model": "contenttypes.contenttype", "pk": 14, "fields": {"app_label": "login", "model": "profile"}}, {"model": "sessions.session", "pk": "13wqpvvm6w1u71gjzz3aor20mzjy3yp4", "fields": {"session_data": "OTk5ZTJjYzgxNDlmOTI3ZWI5YWM2MTJjOGU5YjRiNTVmNWVmMWIzZDp7Il9hdXRoX3VzZXJfaWQiOiIxIiwiX2F1dGhfdXNlcl9iYWNrZW5kIjoiZGphbmdvLmNvbnRyaWIuYXV0aC5iYWNrZW5kcy5Nb2RlbEJhY2tlbmQiLCJfYXV0aF91c2VyX2hhc2giOiJiNzEwNzlmYzY4NDZmYjJjOTlkODk4MjU4NGI1NjViYWJkNDMzZDIxIn0=", "expire_date": "2019-07-25T01:21:41.151Z"}}, {"model": "sessions.session", "pk": "85501d6m0tet77wta516jrf0x3cij9cw", "fields": {"session_data": "OTk5ZTJjYzgxNDlmOTI3ZWI5YWM2MTJjOGU5YjRiNTVmNWVmMWIzZDp7Il9hdXRoX3VzZXJfaWQiOiIxIiwiX2F1dGhfdXNlcl9iYWNrZW5kIjoiZGphbmdvLmNvbnRyaWIuYXV0aC5iYWNrZW5kcy5Nb2RlbEJhY2tlbmQiLCJfYXV0aF91c2VyX2hhc2giOiJiNzEwNzlmYzY4NDZmYjJjOTlkODk4MjU4NGI1NjViYWJkNDMzZDIxIn0=", "expire_date": "2019-07-24T10:08:21.065Z"}}, {"model": "sessions.session", "pk": "abf7u6mrv57h0oigpkdd98cya37ee6jt", "fields": {"session_data": "ZGNlNjhhYTI3YzFmZjE5NjI4Y2QzNjkwYzk2Njc3MTRlMjNiOWY3Yjp7Il9hdXRoX3VzZXJfaWQiOiIyIiwiX2F1dGhfdXNlcl9iYWNrZW5kIjoiZGphbmdvLmNvbnRyaWIuYXV0aC5iYWNrZW5kcy5Nb2RlbEJhY2tlbmQiLCJfYXV0aF91c2VyX2hhc2giOiJlNmVhNDY4Y2MwMjg5ZjYwZWEyYWI1MTM1NGRkZWMxMWYzM2FiNjg1In0=", "expire_date": "2019-07-25T00:50:14.562Z"}}, {"model": "sessions.session", "pk": "hgsxmww068h5ni09f1sj2ffpinq5dmq1", "fields": {"session_data": "OTk5ZTJjYzgxNDlmOTI3ZWI5YWM2MTJjOGU5YjRiNTVmNWVmMWIzZDp7Il9hdXRoX3VzZXJfaWQiOiIxIiwiX2F1dGhfdXNlcl9iYWNrZW5kIjoiZGphbmdvLmNvbnRyaWIuYXV0aC5iYWNrZW5kcy5Nb2RlbEJhY2tlbmQiLCJfYXV0aF91c2VyX2hhc2giOiJiNzEwNzlmYzY4NDZmYjJjOTlkODk4MjU4NGI1NjViYWJkNDMzZDIxIn0=", "expire_date": "2019-07-24T11:12:33.885Z"}}, {"model": "sessions.session", "pk": "hlh7yh8ia9ydsbvbc4dh8yit48rmhvba", "fields": {"session_data": "OTk5ZTJjYzgxNDlmOTI3ZWI5YWM2MTJjOGU5YjRiNTVmNWVmMWIzZDp7Il9hdXRoX3VzZXJfaWQiOiIxIiwiX2F1dGhfdXNlcl9iYWNrZW5kIjoiZGphbmdvLmNvbnRyaWIuYXV0aC5iYWNrZW5kcy5Nb2RlbEJhY2tlbmQiLCJfYXV0aF91c2VyX2hhc2giOiJiNzEwNzlmYzY4NDZmYjJjOTlkODk4MjU4NGI1NjViYWJkNDMzZDIxIn0=", "expire_date": "2019-07-24T08:21:55.175Z"}}, {"model": "sessions.session", "pk": "i7ww0izvyotbfziipv02m3mn3jnt0y3t", "fields": {"session_data": "OTk5ZTJjYzgxNDlmOTI3ZWI5YWM2MTJjOGU5YjRiNTVmNWVmMWIzZDp7Il9hdXRoX3VzZXJfaWQiOiIxIiwiX2F1dGhfdXNlcl9iYWNrZW5kIjoiZGphbmdvLmNvbnRyaWIuYXV0aC5iYWNrZW5kcy5Nb2RlbEJhY2tlbmQiLCJfYXV0aF91c2VyX2hhc2giOiJiNzEwNzlmYzY4NDZmYjJjOTlkODk4MjU4NGI1NjViYWJkNDMzZDIxIn0=", "expire_date": "2019-07-24T09:29:19.191Z"}}, {"model": "sessions.session", "pk": "kuu5v29ojz5r3ltq3gl50v2m8yins7qn", "fields": {"session_data": "OTk5ZTJjYzgxNDlmOTI3ZWI5YWM2MTJjOGU5YjRiNTVmNWVmMWIzZDp7Il9hdXRoX3VzZXJfaWQiOiIxIiwiX2F1dGhfdXNlcl9iYWNrZW5kIjoiZGphbmdvLmNvbnRyaWIuYXV0aC5iYWNrZW5kcy5Nb2RlbEJhY2tlbmQiLCJfYXV0aF91c2VyX2hhc2giOiJiNzEwNzlmYzY4NDZmYjJjOTlkODk4MjU4NGI1NjViYWJkNDMzZDIxIn0=", "expire_date": "2019-07-25T02:54:25.149Z"}}, {"model": "sessions.session", "pk": "m1d6nlqe8wbwm1zgybkm8nfsqk52npxz", "fields": {"session_data": "OTk5ZTJjYzgxNDlmOTI3ZWI5YWM2MTJjOGU5YjRiNTVmNWVmMWIzZDp7Il9hdXRoX3VzZXJfaWQiOiIxIiwiX2F1dGhfdXNlcl9iYWNrZW5kIjoiZGphbmdvLmNvbnRyaWIuYXV0aC5iYWNrZW5kcy5Nb2RlbEJhY2tlbmQiLCJfYXV0aF91c2VyX2hhc2giOiJiNzEwNzlmYzY4NDZmYjJjOTlkODk4MjU4NGI1NjViYWJkNDMzZDIxIn0=", "expire_date": "2019-07-24T09:26:44.445Z"}}, {"model": "sessions.session", "pk": "nomqbmv4njhxkbm1uieaibmim213iyf4", "fields": {"session_data": "ZGNlNjhhYTI3YzFmZjE5NjI4Y2QzNjkwYzk2Njc3MTRlMjNiOWY3Yjp7Il9hdXRoX3VzZXJfaWQiOiIyIiwiX2F1dGhfdXNlcl9iYWNrZW5kIjoiZGphbmdvLmNvbnRyaWIuYXV0aC5iYWNrZW5kcy5Nb2RlbEJhY2tlbmQiLCJfYXV0aF91c2VyX2hhc2giOiJlNmVhNDY4Y2MwMjg5ZjYwZWEyYWI1MTM1NGRkZWMxMWYzM2FiNjg1In0=", "expire_date": "2019-07-24T08:06:29.251Z"}}, {"model": "sessions.session", "pk": "qpg4ghejroc7y3uyyihsi3rcmaioziok", "fields": {"session_data": "OTk5ZTJjYzgxNDlmOTI3ZWI5YWM2MTJjOGU5YjRiNTVmNWVmMWIzZDp7Il9hdXRoX3VzZXJfaWQiOiIxIiwiX2F1dGhfdXNlcl9iYWNrZW5kIjoiZGphbmdvLmNvbnRyaWIuYXV0aC5iYWNrZW5kcy5Nb2RlbEJhY2tlbmQiLCJfYXV0aF91c2VyX2hhc2giOiJiNzEwNzlmYzY4NDZmYjJjOTlkODk4MjU4NGI1NjViYWJkNDMzZDIxIn0=", "expire_date": "2019-07-23T10:44:28.495Z"}}, {"model": "sessions.session", "pk": "r86oql4wo2fu3fco58ec2yhj8wajrk2h", "fields": {"session_data": "OTk5ZTJjYzgxNDlmOTI3ZWI5YWM2MTJjOGU5YjRiNTVmNWVmMWIzZDp7Il9hdXRoX3VzZXJfaWQiOiIxIiwiX2F1dGhfdXNlcl9iYWNrZW5kIjoiZGphbmdvLmNvbnRyaWIuYXV0aC5iYWNrZW5kcy5Nb2RlbEJhY2tlbmQiLCJfYXV0aF91c2VyX2hhc2giOiJiNzEwNzlmYzY4NDZmYjJjOTlkODk4MjU4NGI1NjViYWJkNDMzZDIxIn0=", "expire_date": "2019-07-24T08:05:46.764Z"}}, {"model": "sessions.session", "pk": "uzj47vjr9z3crhduo9ldqjbdl99vevll", "fields": {"session_data": "YmZhMzgzNjkzZDE4ZjljMWMxYWNkM2IwNTNmNTFjNGJhNDM5MTRhNTp7Il9hdXRoX3VzZXJfaWQiOiIxIiwiX2F1dGhfdXNlcl9iYWNrZW5kIjoiZGphbmdvLmNvbnRyaWIuYXV0aC5iYWNrZW5kcy5Nb2RlbEJhY2tlbmQiLCJfYXV0aF91c2VyX2hhc2giOiJhYThiYjYzMDFlMjlkYmJjNzg3ZGJlOGNkOTgzMDgxNTJiZDJkMTdiIn0=", "expire_date": "2019-07-26T05:59:20.591Z"}}, {"model": "blog.blogtype", "pk": 1, "fields": {"type_name": "\u5fc3\u5f97"}}, {"model": "blog.blogtype", "pk": 8, "fields": {"type_name": "python--0"}}, {"model": "blog.blogtype", "pk": 9, "fields": {"type_name": "python--1"}}, {"model": "blog.blogtype", "pk": 10, "fields": {"type_name": "python--2"}}, {"model": "blog.blogtype", "pk": 11, "fields": {"type_name": "python--3"}}, {"model": "blog.blogtype", "pk": 12, "fields": {"type_name": "python--4"}}, {"model": "blog.blogtype", "pk": 13, "fields": {"type_name": "python--5"}}, {"model": "read_statistics.readnum", "pk": 1, "fields": {"read_num": 39, "content_type": 8, "object_id": 53}}, {"model": "read_statistics.readnum", "pk": 2, "fields": {"read_num": 8, "content_type": 8, "object_id": 52}}, {"model": "read_statistics.readnum", "pk": 3, "fields": {"read_num": 3, "content_type": 8, "object_id": 1}}, {"model": "read_statistics.readnum", "pk": 4, "fields": {"read_num": 1, "content_type": 8, "object_id": 12}}, {"model": "read_statistics.readnum", "pk": 5, "fields": {"read_num": 2, "content_type": 8, "object_id": 21}}, {"model": "read_statistics.readnum", "pk": 6, "fields": {"read_num": 3, "content_type": 8, "object_id": 22}}, {"model": "read_statistics.readnum", "pk": 7, "fields": {"read_num": 2, "content_type": 8, "object_id": 20}}, {"model": "read_statistics.readnum", "pk": 8, "fields": {"read_num": 1, "content_type": 8, "object_id": 50}}, {"model": "read_statistics.readnum", "pk": 9, "fields": {"read_num": 1, "content_type": 8, "object_id": 51}}, {"model": "read_statistics.readnum", "pk": 10, "fields": {"read_num": 13, "content_type": 8, "object_id": 54}}, {"model": "read_statistics.readnum", "pk": 11, "fields": {"read_num": 6, "content_type": 8, "object_id": 49}}, {"model": "read_statistics.readdetail", "pk": 1, "fields": {"date": "2019-07-09T16:00:00Z", "read_num": 31, "content_type": 8, "object_id": 53}}, {"model": "read_statistics.readdetail", "pk": 2, "fields": {"date": "2019-07-09T16:00:00Z", "read_num": 4, "content_type": 8, "object_id": 52}}, {"model": "read_statistics.readdetail", "pk": 3, "fields": {"date": "2019-07-09T16:00:00Z", "read_num": 2, "content_type": 8, "object_id": 1}}, {"model": "read_statistics.readdetail", "pk": 4, "fields": {"date": "2019-07-09T16:00:00Z", "read_num": 1, "content_type": 8, "object_id": 12}}, {"model": "read_statistics.readdetail", "pk": 5, "fields": {"date": "2019-07-09T16:00:00Z", "read_num": 2, "content_type": 8, "object_id": 21}}, {"model": "read_statistics.readdetail", "pk": 6, "fields": {"date": "2019-07-09T16:00:00Z", "read_num": 3, "content_type": 8, "object_id": 22}}, {"model": "read_statistics.readdetail", "pk": 7, "fields": {"date": "2019-07-09T16:00:00Z", "read_num": 2, "content_type": 8, "object_id": 20}}, {"model": "read_statistics.readdetail", "pk": 8, "fields": {"date": "2019-07-09T16:00:00Z", "read_num": 1, "content_type": 8, "object_id": 50}}, {"model": "read_statistics.readdetail", "pk": 9, "fields": {"date": "2019-07-09T16:00:00Z", "read_num": 1, "content_type": 8, "object_id": 51}}, {"model": "read_statistics.readdetail", "pk": 10, "fields": {"date": "2019-07-09T16:00:00Z", "read_num": 5, "content_type": 8, "object_id": 54}}, {"model": "read_statistics.readdetail", "pk": 11, "fields": {"date": "2019-07-10T16:00:00Z", "read_num": 7, "content_type": 8, "object_id": 54}}, {"model": "read_statistics.readdetail", "pk": 12, "fields": {"date": "2019-07-10T16:00:00Z", "read_num": 6, "content_type": 8, "object_id": 53}}, {"model": "read_statistics.readdetail", "pk": 13, "fields": {"date": "2019-07-10T16:00:00Z", "read_num": 3, "content_type": 8, "object_id": 52}}, {"model": "read_statistics.readdetail", "pk": 14, "fields": {"date": "2019-07-11T16:00:00Z", "read_num": 2, "content_type": 8, "object_id": 53}}, {"model": "read_statistics.readdetail", "pk": 15, "fields": {"date": "2019-07-11T16:00:00Z", "read_num": 1, "content_type": 8, "object_id": 54}}, {"model": "read_statistics.readdetail", "pk": 16, "fields": {"date": "2019-07-11T16:00:00Z", "read_num": 1, "content_type": 8, "object_id": 1}}, {"model": "read_statistics.readdetail", "pk": 17, "fields": {"date": "2019-07-11T16:00:00Z", "read_num": 1, "content_type": 8, "object_id": 52}}, {"model": "read_statistics.readdetail", "pk": 18, "fields": {"date": "2019-07-11T16:00:00Z", "read_num": 6, "content_type": 8, "object_id": 49}}, {"model": "likes.likecount", "pk": 25, "fields": {"content_type": 8, "object_id": 22, "liked_num": 1}}, {"model": "likes.likecount", "pk": 26, "fields": {"content_type": 8, "object_id": 21, "liked_num": 0}}, {"model": "likes.likecount", "pk": 27, "fields": {"content_type": 8, "object_id": 20, "liked_num": 2}}, {"model": "likes.likecount", "pk": 28, "fields": {"content_type": 8, "object_id": 53, "liked_num": 1}}, {"model": "likes.likecount", "pk": 29, "fields": {"content_type": 8, "object_id": 52, "liked_num": 0}}, {"model": "likes.likecount", "pk": 30, "fields": {"content_type": 11, "object_id": 4, "liked_num": 0}}, {"model": "likes.likecount", "pk": 31, "fields": {"content_type": 11, "object_id": 1, "liked_num": 1}}, {"model": "likes.likecount", "pk": 32, "fields": {"content_type": 11, "object_id": 3, "liked_num": 0}}, {"model": "likes.likecount", "pk": 33, "fields": {"content_type": 11, "object_id": 2, "liked_num": 0}}, {"model": "likes.likecount", "pk": 34, "fields": {"content_type": 8, "object_id": 54, "liked_num": 0}}, {"model": "likes.likecount", "pk": 35, "fields": {"content_type": 8, "object_id": 55, "liked_num": 0}}, {"model": "likes.likecount", "pk": 36, "fields": {"content_type": 8, "object_id": 50, "liked_num": 0}}, {"model": "likes.likecount", "pk": 37, "fields": {"content_type": 8, "object_id": 49, "liked_num": 0}}, {"model": "likes.likecount", "pk": 38, "fields": {"content_type": 8, "object_id": 51, "liked_num": 0}}, {"model": "likes.likecount", "pk": 39, "fields": {"content_type": 11, "object_id": 6, "liked_num": 0}}, {"model": "likes.likecount", "pk": 40, "fields": {"content_type": 11, "object_id": 7, "liked_num": 1}}, {"model": "likes.likecount", "pk": 41, "fields": {"content_type": 11, "object_id": 8, "liked_num": 1}}, {"model": "likes.likecount", "pk": 42, "fields": {"content_type": 11, "object_id": 9, "liked_num": 0}}, {"model": "likes.likecount", "pk": 43, "fields": {"content_type": 11, "object_id": 10, "liked_num": 0}}, {"model": "likes.likecount", "pk": 44, "fields": {"content_type": 11, "object_id": 11, "liked_num": 0}}, {"model": "likes.likecount", "pk": 45, "fields": {"content_type": 11, "object_id": 13, "liked_num": 0}}, {"model": "likes.likecount", "pk": 46, "fields": {"content_type": 11, "object_id": 12, "liked_num": 0}}, {"model": "likes.likecount", "pk": 47, "fields": {"content_type": 11, "object_id": 17, "liked_num": 0}}, {"model": "likes.likecount", "pk": 48, "fields": {"content_type": 11, "object_id": 16, "liked_num": 0}}, {"model": "likes.likecount", "pk": 49, "fields": {"content_type": 11, "object_id": 15, "liked_num": 0}}, {"model": "likes.likecount", "pk": 50, "fields": {"content_type": 11, "object_id": 14, "liked_num": 0}}, {"model": "likes.likecount", "pk": 51, "fields": {"content_type": 11, "object_id": 18, "liked_num": 0}}, {"model": "likes.likecount", "pk": 52, "fields": {"content_type": 11, "object_id": 19, "liked_num": 0}}, {"model": "likes.likecount", "pk": 53, "fields": {"content_type": 11, "object_id": 20, "liked_num": 1}}, {"model": "likes.likecount", "pk": 54, "fields": {"content_type": 11, "object_id": 21, "liked_num": 1}}, {"model": "likes.likecount", "pk": 55, "fields": {"content_type": 11, "object_id": 22, "liked_num": 0}}, {"model": "likes.likecount", "pk": 56, "fields": {"content_type": 11, "object_id": 23, "liked_num": 0}}, {"model": "likes.likecount", "pk": 57, "fields": {"content_type": 8, "object_id": 48, "liked_num": 0}}, {"model": "likes.likecount", "pk": 58, "fields": {"content_type": 8, "object_id": 47, "liked_num": 0}}, {"model": "likes.likecount", "pk": 59, "fields": {"content_type": 8, "object_id": 46, "liked_num": 0}}, {"model": "likes.likecount", "pk": 60, "fields": {"content_type": 8, "object_id": 45, "liked_num": 0}}, {"model": "likes.likecount", "pk": 61, "fields": {"content_type": 8, "object_id": 44, "liked_num": 0}}, {"model": "likes.likecount", "pk": 62, "fields": {"content_type": 8, "object_id": 43, "liked_num": 0}}, {"model": "likes.likecount", "pk": 63, "fields": {"content_type": 8, "object_id": 40, "liked_num": 0}}, {"model": "likes.likecount", "pk": 64, "fields": {"content_type": 8, "object_id": 39, "liked_num": 0}}, {"model": "likes.likecount", "pk": 65, "fields": {"content_type": 8, "object_id": 36, "liked_num": 0}}, {"model": "likes.likecount", "pk": 66, "fields": {"content_type": 8, "object_id": 35, "liked_num": 0}}, {"model": "likes.likecount", "pk": 67, "fields": {"content_type": 8, "object_id": 32, "liked_num": 0}}, {"model": "likes.likecount", "pk": 68, "fields": {"content_type": 8, "object_id": 31, "liked_num": 0}}, {"model": "likes.likecount", "pk": 69, "fields": {"content_type": 8, "object_id": 2, "liked_num": 0}}, {"model": "likes.likecount", "pk": 70, "fields": {"content_type": 8, "object_id": 1, "liked_num": 0}}, {"model": "likes.likecount", "pk": 71, "fields": {"content_type": 8, "object_id": 4, "liked_num": 0}}, {"model": "likes.likecount", "pk": 72, "fields": {"content_type": 8, "object_id": 3, "liked_num": 0}}, {"model": "likes.likecount", "pk": 73, "fields": {"content_type": 8, "object_id": 8, "liked_num": 0}}, {"model": "likes.likecount", "pk": 74, "fields": {"content_type": 8, "object_id": 7, "liked_num": 0}}, {"model": "likes.likecount", "pk": 75, "fields": {"content_type": 11, "object_id": 24, "liked_num": 0}}, {"model": "likes.likecount", "pk": 76, "fields": {"content_type": 11, "object_id": 25, "liked_num": 0}}, {"model": "likes.likecount", "pk": 77, "fields": {"content_type": 11, "object_id": 27, "liked_num": 0}}, {"model": "likes.likecount", "pk": 78, "fields": {"content_type": 11, "object_id": 26, "liked_num": 0}}, {"model": "likes.likecount", "pk": 79, "fields": {"content_type": 11, "object_id": 29, "liked_num": 1}}, {"model": "likes.likecount", "pk": 80, "fields": {"content_type": 11, "object_id": 34, "liked_num": 1}}, {"model": "likes.likecount", "pk": 81, "fields": {"content_type": 11, "object_id": 33, "liked_num": 0}}, {"model": "likes.likecount", "pk": 82, "fields": {"content_type": 11, "object_id": 35, "liked_num": 0}}, {"model": "likes.likecount", "pk": 83, "fields": {"content_type": 11, "object_id": 31, "liked_num": 0}}, {"model": "likes.likecount", "pk": 84, "fields": {"content_type": 11, "object_id": 32, "liked_num": 0}}, {"model": "likes.likecount", "pk": 85, "fields": {"content_type": 11, "object_id": 36, "liked_num": 0}}, {"model": "likes.likecount", "pk": 86, "fields": {"content_type": 11, "object_id": 28, "liked_num": 0}}, {"model": "likes.likecount", "pk": 87, "fields": {"content_type": 11, "object_id": 30, "liked_num": 0}}, {"model": "likes.likecount", "pk": 88, "fields": {"content_type": 11, "object_id": 40, "liked_num": 0}}, {"model": "likes.likecount", "pk": 89, "fields": {"content_type": 11, "object_id": 39, "liked_num": 0}}, {"model": "likes.likecount", "pk": 90, "fields": {"content_type": 11, "object_id": 38, "liked_num": 0}}, {"model": "likes.likecount", "pk": 91, "fields": {"content_type": 11, "object_id": 37, "liked_num": 0}}, {"model": "likes.likecount", "pk": 92, "fields": {"content_type": 11, "object_id": 41, "liked_num": 0}}, {"model": "likes.likecount", "pk": 93, "fields": {"content_type": 11, "object_id": 42, "liked_num": 0}}, {"model": "likes.likecount", "pk": 94, "fields": {"content_type": 11, "object_id": 43, "liked_num": 0}}, {"model": "auth.permission", "pk": 1, "fields": {"name": "Can add log entry", "content_type": 1, "codename": "add_logentry"}}, {"model": "auth.permission", "pk": 2, "fields": {"name": "Can change log entry", "content_type": 1, "codename": "change_logentry"}}, {"model": "auth.permission", "pk": 3, "fields": {"name": "Can delete log entry", "content_type": 1, "codename": "delete_logentry"}}, {"model": "auth.permission", "pk": 4, "fields": {"name": "Can view log entry", "content_type": 1, "codename": "view_logentry"}}, {"model": "auth.permission", "pk": 5, "fields": {"name": "Can add permission", "content_type": 2, "codename": "add_permission"}}, {"model": "auth.permission", "pk": 6, "fields": {"name": "Can change permission", "content_type": 2, "codename": "change_permission"}}, {"model": "auth.permission", "pk": 7, "fields": {"name": "Can delete permission", "content_type": 2, "codename": "delete_permission"}}, {"model": "auth.permission", "pk": 8, "fields": {"name": "Can view permission", "content_type": 2, "codename": "view_permission"}}, {"model": "auth.permission", "pk": 9, "fields": {"name": "Can add group", "content_type": 3, "codename": "add_group"}}, {"model": "auth.permission", "pk": 10, "fields": {"name": "Can change group", "content_type": 3, "codename": "change_group"}}, {"model": "auth.permission", "pk": 11, "fields": {"name": "Can delete group", "content_type": 3, "codename": "delete_group"}}, {"model": "auth.permission", "pk": 12, "fields": {"name": "Can view group", "content_type": 3, "codename": "view_group"}}, {"model": "auth.permission", "pk": 13, "fields": {"name": "Can add user", "content_type": 4, "codename": "add_user"}}, {"model": "auth.permission", "pk": 14, "fields": {"name": "Can change user", "content_type": 4, "codename": "change_user"}}, {"model": "auth.permission", "pk": 15, "fields": {"name": "Can delete user", "content_type": 4, "codename": "delete_user"}}, {"model": "auth.permission", "pk": 16, "fields": {"name": "Can view user", "content_type": 4, "codename": "view_user"}}, {"model": "auth.permission", "pk": 17, "fields": {"name": "Can add content type", "content_type": 5, "codename": "add_contenttype"}}, {"model": "auth.permission", "pk": 18, "fields": {"name": "Can change content type", "content_type": 5, "codename": "change_contenttype"}}, {"model": "auth.permission", "pk": 19, "fields": {"name": "Can delete content type", "content_type": 5, "codename": "delete_contenttype"}}, {"model": "auth.permission", "pk": 20, "fields": {"name": "Can view content type", "content_type": 5, "codename": "view_contenttype"}}, {"model": "auth.permission", "pk": 21, "fields": {"name": "Can add session", "content_type": 6, "codename": "add_session"}}, {"model": "auth.permission", "pk": 22, "fields": {"name": "Can change session", "content_type": 6, "codename": "change_session"}}, {"model": "auth.permission", "pk": 23, "fields": {"name": "Can delete session", "content_type": 6, "codename": "delete_session"}}, {"model": "auth.permission", "pk": 24, "fields": {"name": "Can view session", "content_type": 6, "codename": "view_session"}}, {"model": "auth.permission", "pk": 25, "fields": {"name": "Can add blog type", "content_type": 7, "codename": "add_blogtype"}}, {"model": "auth.permission", "pk": 26, "fields": {"name": "Can change blog type", "content_type": 7, "codename": "change_blogtype"}}, {"model": "auth.permission", "pk": 27, "fields": {"name": "Can delete blog type", "content_type": 7, "codename": "delete_blogtype"}}, {"model": "auth.permission", "pk": 28, "fields": {"name": "Can view blog type", "content_type": 7, "codename": "view_blogtype"}}, {"model": "auth.permission", "pk": 29, "fields": {"name": "Can add blog", "content_type": 8, "codename": "add_blog"}}, {"model": "auth.permission", "pk": 30, "fields": {"name": "Can change blog", "content_type": 8, "codename": "change_blog"}}, {"model": "auth.permission", "pk": 31, "fields": {"name": "Can delete blog", "content_type": 8, "codename": "delete_blog"}}, {"model": "auth.permission", "pk": 32, "fields": {"name": "Can view blog", "content_type": 8, "codename": "view_blog"}}, {"model": "auth.permission", "pk": 33, "fields": {"name": "Can add read detail", "content_type": 9, "codename": "add_readdetail"}}, {"model": "auth.permission", "pk": 34, "fields": {"name": "Can change read detail", "content_type": 9, "codename": "change_readdetail"}}, {"model": "auth.permission", "pk": 35, "fields": {"name": "Can delete read detail", "content_type": 9, "codename": "delete_readdetail"}}, {"model": "auth.permission", "pk": 36, "fields": {"name": "Can view read detail", "content_type": 9, "codename": "view_readdetail"}}, {"model": "auth.permission", "pk": 37, "fields": {"name": "Can add read num", "content_type": 10, "codename": "add_readnum"}}, {"model": "auth.permission", "pk": 38, "fields": {"name": "Can change read num", "content_type": 10, "codename": "change_readnum"}}, {"model": "auth.permission", "pk": 39, "fields": {"name": "Can delete read num", "content_type": 10, "codename": "delete_readnum"}}, {"model": "auth.permission", "pk": 40, "fields": {"name": "Can view read num", "content_type": 10, "codename": "view_readnum"}}, {"model": "auth.permission", "pk": 41, "fields": {"name": "Can add comment", "content_type": 11, "codename": "add_comment"}}, {"model": "auth.permission", "pk": 42, "fields": {"name": "Can change comment", "content_type": 11, "codename": "change_comment"}}, {"model": "auth.permission", "pk": 43, "fields": {"name": "Can delete comment", "content_type": 11, "codename": "delete_comment"}}, {"model": "auth.permission", "pk": 44, "fields": {"name": "Can view comment", "content_type": 11, "codename": "view_comment"}}, {"model": "auth.permission", "pk": 45, "fields": {"name": "Can add like record", "content_type": 12, "codename": "add_likerecord"}}, {"model": "auth.permission", "pk": 46, "fields": {"name": "Can change like record", "content_type": 12, "codename": "change_likerecord"}}, {"model": "auth.permission", "pk": 47, "fields": {"name": "Can delete like record", "content_type": 12, "codename": "delete_likerecord"}}, {"model": "auth.permission", "pk": 48, "fields": {"name": "Can view like record", "content_type": 12, "codename": "view_likerecord"}}, {"model": "auth.permission", "pk": 49, "fields": {"name": "Can add like count", "content_type": 13, "codename": "add_likecount"}}, {"model": "auth.permission", "pk": 50, "fields": {"name": "Can change like count", "content_type": 13, "codename": "change_likecount"}}, {"model": "auth.permission", "pk": 51, "fields": {"name": "Can delete like count", "content_type": 13, "codename": "delete_likecount"}}, {"model": "auth.permission", "pk": 52, "fields": {"name": "Can view like count", "content_type": 13, "codename": "view_likecount"}}, {"model": "auth.permission", "pk": 53, "fields": {"name": "Can add \u4e2a\u4eba\u7b80\u4ecb", "content_type": 14, "codename": "add_profile"}}, {"model": "auth.permission", "pk": 54, "fields": {"name": "Can change \u4e2a\u4eba\u7b80\u4ecb", "content_type": 14, "codename": "change_profile"}}, {"model": "auth.permission", "pk": 55, "fields": {"name": "Can delete \u4e2a\u4eba\u7b80\u4ecb", "content_type": 14, "codename": "delete_profile"}}, {"model": "auth.permission", "pk": 56, "fields": {"name": "Can view \u4e2a\u4eba\u7b80\u4ecb", "content_type": 14, "codename": "view_profile"}}, {"model": "auth.user", "pk": 1, "fields": {"password": "pbkdf2_sha256$150000$je5Wr3aGjVGd$pnbspZzLkOsQYIsrNGpBgYhJDfzDaXlnnvng46bxpt0=", "last_login": "2019-07-12T05:59:20.501Z", "is_superuser": true, "username": "python", "first_name": "", "last_name": "", "email": "785216423@qq.com", "is_staff": true, "is_active": true, "date_joined": "2019-07-09T10:44:00Z", "groups": [], "user_permissions": []}}, {"model": "auth.user", "pk": 2, "fields": {"password": "pbkdf2_sha256$150000$hU4JVQo29hKh$gPjtRD90NpxtcO2Dn/aQVAcaD9BSeNtwG8zkTekUJqA=", "last_login": "2019-07-12T05:54:48.241Z", "is_superuser": false, "username": "admin", "first_name": "", "last_name": "", "email": "785216422@qq.com", "is_staff": false, "is_active": true, "date_joined": "2019-07-10T08:06:00Z", "groups": [], "user_permissions": []}}, {"model": "auth.user", "pk": 8, "fields": {"password": "pbkdf2_sha256$150000$FlnZPzM9MgHp$Wt7eLVjyl6CBd8FzcPJkcVKikbKnl+K5odlWo76zm3g=", "last_login": "2019-07-12T03:42:25.962Z", "is_superuser": false, "username": "python1", "first_name": "", "last_name": "", "email": "lantaiit@163.com", "is_staff": false, "is_active": true, "date_joined": "2019-07-12T03:42:25.382Z", "groups": [], "user_permissions": []}}, {"model": "blog.blog", "pk": 1, "fields": {"title": "\u5f00\u5fc3\u5417\uff1f", "content": "\u4f60\u8bf4\u5f00\u5fc3\u5417", "author": 1, "c_time": "2019-07-10T02:29:40.287Z", "update_time": "2019-07-10T02:29:40.288Z", "blog_type": 1}}, {"model": "blog.blog", "pk": 2, "fields": {"title": "\u6587\u7ae0--1", "content": "\u6570\u91cf\u7684\u98ce\u666f\u70b9\u65f6\u7a7a\u88c2\u7f1d\u5c31\u6253\u7b97\u79bb\u5f00\u623f\u95f4\u90fd\u662f\u5f00\u53d1\u5c31\u53d11\u5b66\u4e60\u5c31\u597d", "author": 1, "c_time": "2019-07-10T02:42:44.833Z", "update_time": "2019-07-10T02:42:44.833Z", "blog_type": 10}}, {"model": "blog.blog", "pk": 3, "fields": {"title": "\u6587\u7ae0--1", "content": "\u6570\u91cf\u7684\u98ce\u666f\u70b9\u65f6\u7a7a\u88c2\u7f1d\u5c31\u6253\u7b97\u79bb\u5f00\u623f\u95f4\u90fd\u662f\u5f00\u53d1\u5c31\u53d11\u5b66\u4e60\u5c31\u597d", "author": 1, "c_time": "2019-07-10T02:49:17.488Z", "update_time": "2019-07-10T02:49:17.488Z", "blog_type": 9}}, {"model": "blog.blog", "pk": 4, "fields": {"title": "\u6587\u7ae0--1", "content": "\u6570\u91cf\u7684\u98ce\u666f\u70b9\u65f6\u7a7a\u88c2\u7f1d\u5c31\u6253\u7b97\u79bb\u5f00\u623f\u95f4\u90fd\u662f\u5f00\u53d1\u5c31\u53d11\u5b66\u4e60\u5c31\u597d", "author": 1, "c_time": "2019-07-10T02:51:04.105Z", "update_time": "2019-07-10T02:51:04.105Z", "blog_type": 10}}, {"model": "blog.blog", "pk": 5, "fields": {"title": "\u6587\u7ae0--2", "content": "\u6570\u91cf\u7684\u98ce\u666f\u70b9\u65f6\u7a7a\u88c2\u7f1d\u5c31\u6253\u7b97\u79bb\u5f00\u623f\u95f4\u90fd\u662f\u5f00\u53d1\u5c31\u53d12\u5b66\u4e60\u5c31\u597d", "author": 1, "c_time": "2019-07-10T02:51:04.189Z", "update_time": "2019-07-10T02:51:04.189Z", "blog_type": 13}}, {"model": "blog.blog", "pk": 6, "fields": {"title": "\u6587\u7ae0--3", "content": "\u6570\u91cf\u7684\u98ce\u666f\u70b9\u65f6\u7a7a\u88c2\u7f1d\u5c31\u6253\u7b97\u79bb\u5f00\u623f\u95f4\u90fd\u662f\u5f00\u53d1\u5c31\u53d13\u5b66\u4e60\u5c31\u597d", "author": 1, "c_time": "2019-07-10T02:51:04.288Z", "update_time": "2019-07-10T02:51:04.289Z", "blog_type": 8}}, {"model": "blog.blog", "pk": 7, "fields": {"title": "\u6587\u7ae0--4", "content": "\u6570\u91cf\u7684\u98ce\u666f\u70b9\u65f6\u7a7a\u88c2\u7f1d\u5c31\u6253\u7b97\u79bb\u5f00\u623f\u95f4\u90fd\u662f\u5f00\u53d1\u5c31\u53d14\u5b66\u4e60\u5c31\u597d", "author": 1, "c_time": "2019-07-10T02:51:04.377Z", "update_time": "2019-07-10T02:51:04.377Z", "blog_type": 8}}, {"model": "blog.blog", "pk": 8, "fields": {"title": "\u6587\u7ae0--5", "content": "\u6570\u91cf\u7684\u98ce\u666f\u70b9\u65f6\u7a7a\u88c2\u7f1d\u5c31\u6253\u7b97\u79bb\u5f00\u623f\u95f4\u90fd\u662f\u5f00\u53d1\u5c31\u53d15\u5b66\u4e60\u5c31\u597d", "author": 1, "c_time": "2019-07-10T02:51:04.466Z", "update_time": "2019-07-10T02:51:04.466Z", "blog_type": 13}}, {"model": "blog.blog", "pk": 9, "fields": {"title": "\u6587\u7ae0--6", "content": "\u6570\u91cf\u7684\u98ce\u666f\u70b9\u65f6\u7a7a\u88c2\u7f1d\u5c31\u6253\u7b97\u79bb\u5f00\u623f\u95f4\u90fd\u662f\u5f00\u53d1\u5c31\u53d16\u5b66\u4e60\u5c31\u597d", "author": 1, "c_time": "2019-07-10T02:51:04.554Z", "update_time": "2019-07-10T02:51:04.554Z", "blog_type": 11}}, {"model": "blog.blog", "pk": 10, "fields": {"title": "\u6587\u7ae0--7", "content": "\u6570\u91cf\u7684\u98ce\u666f\u70b9\u65f6\u7a7a\u88c2\u7f1d\u5c31\u6253\u7b97\u79bb\u5f00\u623f\u95f4\u90fd\u662f\u5f00\u53d1\u5c31\u53d17\u5b66\u4e60\u5c31\u597d", "author": 1, "c_time": "2019-07-10T02:51:04.643Z", "update_time": "2019-07-10T02:51:04.643Z", "blog_type": 13}}, {"model": "blog.blog", "pk": 11, "fields": {"title": "\u6587\u7ae0--8", "content": "\u6570\u91cf\u7684\u98ce\u666f\u70b9\u65f6\u7a7a\u88c2\u7f1d\u5c31\u6253\u7b97\u79bb\u5f00\u623f\u95f4\u90fd\u662f\u5f00\u53d1\u5c31\u53d18\u5b66\u4e60\u5c31\u597d", "author": 1, "c_time": "2019-07-10T02:51:04.742Z", "update_time": "2019-07-10T02:51:04.742Z", "blog_type": 11}}, {"model": "blog.blog", "pk": 12, "fields": {"title": "\u6587\u7ae0--9", "content": "\u6570\u91cf\u7684\u98ce\u666f\u70b9\u65f6\u7a7a\u88c2\u7f1d\u5c31\u6253\u7b97\u79bb\u5f00\u623f\u95f4\u90fd\u662f\u5f00\u53d1\u5c31\u53d19\u5b66\u4e60\u5c31\u597d", "author": 1, "c_time": "2019-07-10T02:51:04.842Z", "update_time": "2019-07-10T02:51:04.842Z", "blog_type": 9}}, {"model": "blog.blog", "pk": 13, "fields": {"title": "\u6587\u7ae0--10", "content": "\u6570\u91cf\u7684\u98ce\u666f\u70b9\u65f6\u7a7a\u88c2\u7f1d\u5c31\u6253\u7b97\u79bb\u5f00\u623f\u95f4\u90fd\u662f\u5f00\u53d1\u5c31\u53d110\u5b66\u4e60\u5c31\u597d", "author": 1, "c_time": "2019-07-10T02:51:04.930Z", "update_time": "2019-07-10T02:51:04.930Z", "blog_type": 10}}, {"model": "blog.blog", "pk": 14, "fields": {"title": "\u6587\u7ae0--11", "content": "\u6570\u91cf\u7684\u98ce\u666f\u70b9\u65f6\u7a7a\u88c2\u7f1d\u5c31\u6253\u7b97\u79bb\u5f00\u623f\u95f4\u90fd\u662f\u5f00\u53d1\u5c31\u53d111\u5b66\u4e60\u5c31\u597d", "author": 1, "c_time": "2019-07-10T02:51:05.019Z", "update_time": "2019-07-10T02:51:05.019Z", "blog_type": 13}}, {"model": "blog.blog", "pk": 15, "fields": {"title": "\u6587\u7ae0--12", "content": "\u6570\u91cf\u7684\u98ce\u666f\u70b9\u65f6\u7a7a\u88c2\u7f1d\u5c31\u6253\u7b97\u79bb\u5f00\u623f\u95f4\u90fd\u662f\u5f00\u53d1\u5c31\u53d112\u5b66\u4e60\u5c31\u597d", "author": 1, "c_time": "2019-07-10T02:51:05.108Z", "update_time": "2019-07-10T02:51:05.108Z", "blog_type": 13}}, {"model": "blog.blog", "pk": 16, "fields": {"title": "\u6587\u7ae0--13", "content": "\u6570\u91cf\u7684\u98ce\u666f\u70b9\u65f6\u7a7a\u88c2\u7f1d\u5c31\u6253\u7b97\u79bb\u5f00\u623f\u95f4\u90fd\u662f\u5f00\u53d1\u5c31\u53d113\u5b66\u4e60\u5c31\u597d", "author": 1, "c_time": "2019-07-10T02:51:05.196Z", "update_time": "2019-07-10T02:51:05.196Z", "blog_type": 9}}, {"model": "blog.blog", "pk": 17, "fields": {"title": "\u6587\u7ae0--14", "content": "\u6570\u91cf\u7684\u98ce\u666f\u70b9\u65f6\u7a7a\u88c2\u7f1d\u5c31\u6253\u7b97\u79bb\u5f00\u623f\u95f4\u90fd\u662f\u5f00\u53d1\u5c31\u53d114\u5b66\u4e60\u5c31\u597d", "author": 1, "c_time": "2019-07-10T02:51:05.285Z", "update_time": "2019-07-10T02:51:05.285Z", "blog_type": 13}}, {"model": "blog.blog", "pk": 18, "fields": {"title": "\u6587\u7ae0--15", "content": "\u6570\u91cf\u7684\u98ce\u666f\u70b9\u65f6\u7a7a\u88c2\u7f1d\u5c31\u6253\u7b97\u79bb\u5f00\u623f\u95f4\u90fd\u662f\u5f00\u53d1\u5c31\u53d115\u5b66\u4e60\u5c31\u597d", "author": 1, "c_time": "2019-07-10T02:51:05.373Z", "update_time": "2019-07-10T02:51:05.373Z", "blog_type": 12}}, {"model": "blog.blog", "pk": 19, "fields": {"title": "\u6587\u7ae0--16", "content": "\u6570\u91cf\u7684\u98ce\u666f\u70b9\u65f6\u7a7a\u88c2\u7f1d\u5c31\u6253\u7b97\u79bb\u5f00\u623f\u95f4\u90fd\u662f\u5f00\u53d1\u5c31\u53d116\u5b66\u4e60\u5c31\u597d", "author": 1, "c_time": "2019-07-10T02:51:05.450Z", "update_time": "2019-07-10T02:51:05.450Z", "blog_type": 11}}, {"model": "blog.blog", "pk": 20, "fields": {"title": "\u6587\u7ae0--17", "content": "\u6570\u91cf\u7684\u98ce\u666f\u70b9\u65f6\u7a7a\u88c2\u7f1d\u5c31\u6253\u7b97\u79bb\u5f00\u623f\u95f4\u90fd\u662f\u5f00\u53d1\u5c31\u53d117\u5b66\u4e60\u5c31\u597d", "author": 1, "c_time": "2019-07-10T02:51:05.573Z", "update_time": "2019-07-10T02:51:05.573Z", "blog_type": 9}}, {"model": "blog.blog", "pk": 21, "fields": {"title": "\u6587\u7ae0--18", "content": "\u6570\u91cf\u7684\u98ce\u666f\u70b9\u65f6\u7a7a\u88c2\u7f1d\u5c31\u6253\u7b97\u79bb\u5f00\u623f\u95f4\u90fd\u662f\u5f00\u53d1\u5c31\u53d118\u5b66\u4e60\u5c31\u597d", "author": 1, "c_time": "2019-07-10T02:51:05.650Z", "update_time": "2019-07-10T02:51:05.650Z", "blog_type": 13}}, {"model": "blog.blog", "pk": 22, "fields": {"title": "\u6587\u7ae0--19", "content": "\u6570\u91cf\u7684\u98ce\u666f\u70b9\u65f6\u7a7a\u88c2\u7f1d\u5c31\u6253\u7b97\u79bb\u5f00\u623f\u95f4\u90fd\u662f\u5f00\u53d1\u5c31\u53d119\u5b66\u4e60\u5c31\u597d", "author": 1, "c_time": "2019-07-10T02:51:05.728Z", "update_time": "2019-07-10T02:51:05.728Z", "blog_type": 8}}, {"model": "blog.blog", "pk": 23, "fields": {"title": "\u6587\u7ae0--20", "content": "\u6570\u91cf\u7684\u98ce\u666f\u70b9\u65f6\u7a7a\u88c2\u7f1d\u5c31\u6253\u7b97\u79bb\u5f00\u623f\u95f4\u90fd\u662f\u5f00\u53d1\u5c31\u53d120\u5b66\u4e60\u5c31\u597d", "author": 1, "c_time": "2019-07-10T02:51:05.814Z", "update_time": "2019-07-10T02:51:05.814Z", "blog_type": 8}}, {"model": "blog.blog", "pk": 24, "fields": {"title": "\u6587\u7ae0--21", "content": "\u6570\u91cf\u7684\u98ce\u666f\u70b9\u65f6\u7a7a\u88c2\u7f1d\u5c31\u6253\u7b97\u79bb\u5f00\u623f\u95f4\u90fd\u662f\u5f00\u53d1\u5c31\u53d121\u5b66\u4e60\u5c31\u597d", "author": 1, "c_time": "2019-07-10T02:51:05.894Z", "update_time": "2019-07-10T02:51:05.894Z", "blog_type": 9}}, {"model": "blog.blog", "pk": 25, "fields": {"title": "\u6587\u7ae0--22", "content": "\u6570\u91cf\u7684\u98ce\u666f\u70b9\u65f6\u7a7a\u88c2\u7f1d\u5c31\u6253\u7b97\u79bb\u5f00\u623f\u95f4\u90fd\u662f\u5f00\u53d1\u5c31\u53d122\u5b66\u4e60\u5c31\u597d", "author": 1, "c_time": "2019-07-10T02:51:05.983Z", "update_time": "2019-07-10T02:51:05.983Z", "blog_type": 9}}, {"model": "blog.blog", "pk": 26, "fields": {"title": "\u6587\u7ae0--23", "content": "\u6570\u91cf\u7684\u98ce\u666f\u70b9\u65f6\u7a7a\u88c2\u7f1d\u5c31\u6253\u7b97\u79bb\u5f00\u623f\u95f4\u90fd\u662f\u5f00\u53d1\u5c31\u53d123\u5b66\u4e60\u5c31\u597d", "author": 1, "c_time": "2019-07-10T02:51:06.061Z", "update_time": "2019-07-10T02:51:06.061Z", "blog_type": 8}}, {"model": "blog.blog", "pk": 27, "fields": {"title": "\u6587\u7ae0--24", "content": "\u6570\u91cf\u7684\u98ce\u666f\u70b9\u65f6\u7a7a\u88c2\u7f1d\u5c31\u6253\u7b97\u79bb\u5f00\u623f\u95f4\u90fd\u662f\u5f00\u53d1\u5c31\u53d124\u5b66\u4e60\u5c31\u597d", "author": 1, "c_time": "2019-07-10T02:51:06.148Z", "update_time": "2019-07-10T02:51:06.148Z", "blog_type": 13}}, {"model": "blog.blog", "pk": 28, "fields": {"title": "\u6587\u7ae0--25", "content": "\u6570\u91cf\u7684\u98ce\u666f\u70b9\u65f6\u7a7a\u88c2\u7f1d\u5c31\u6253\u7b97\u79bb\u5f00\u623f\u95f4\u90fd\u662f\u5f00\u53d1\u5c31\u53d125\u5b66\u4e60\u5c31\u597d", "author": 1, "c_time": "2019-07-10T02:51:06.261Z", "update_time": "2019-07-10T02:51:06.261Z", "blog_type": 10}}, {"model": "blog.blog", "pk": 29, "fields": {"title": "\u6587\u7ae0--26", "content": "\u6570\u91cf\u7684\u98ce\u666f\u70b9\u65f6\u7a7a\u88c2\u7f1d\u5c31\u6253\u7b97\u79bb\u5f00\u623f\u95f4\u90fd\u662f\u5f00\u53d1\u5c31\u53d126\u5b66\u4e60\u5c31\u597d", "author": 1, "c_time": "2019-07-10T02:51:06.347Z", "update_time": "2019-07-10T02:51:06.348Z", "blog_type": 9}}, {"model": "blog.blog", "pk": 30, "fields": {"title": "\u6587\u7ae0--27", "content": "\u6570\u91cf\u7684\u98ce\u666f\u70b9\u65f6\u7a7a\u88c2\u7f1d\u5c31\u6253\u7b97\u79bb\u5f00\u623f\u95f4\u90fd\u662f\u5f00\u53d1\u5c31\u53d127\u5b66\u4e60\u5c31\u597d", "author": 1, "c_time": "2019-07-10T02:51:06.436Z", "update_time": "2019-07-10T02:51:06.436Z", "blog_type": 9}}, {"model": "blog.blog", "pk": 31, "fields": {"title": "\u6587\u7ae0--28", "content": "\u6570\u91cf\u7684\u98ce\u666f\u70b9\u65f6\u7a7a\u88c2\u7f1d\u5c31\u6253\u7b97\u79bb\u5f00\u623f\u95f4\u90fd\u662f\u5f00\u53d1\u5c31\u53d128\u5b66\u4e60\u5c31\u597d", "author": 1, "c_time": "2019-07-10T02:51:06.536Z", "update_time": "2019-07-10T02:51:06.536Z", "blog_type": 13}}, {"model": "blog.blog", "pk": 32, "fields": {"title": "\u6587\u7ae0--29", "content": "\u6570\u91cf\u7684\u98ce\u666f\u70b9\u65f6\u7a7a\u88c2\u7f1d\u5c31\u6253\u7b97\u79bb\u5f00\u623f\u95f4\u90fd\u662f\u5f00\u53d1\u5c31\u53d129\u5b66\u4e60\u5c31\u597d", "author": 1, "c_time": "2019-07-10T02:51:06.624Z", "update_time": "2019-07-10T02:51:06.625Z", "blog_type": 11}}, {"model": "blog.blog", "pk": 33, "fields": {"title": "\u6587\u7ae0--30", "content": "\u6570\u91cf\u7684\u98ce\u666f\u70b9\u65f6\u7a7a\u88c2\u7f1d\u5c31\u6253\u7b97\u79bb\u5f00\u623f\u95f4\u90fd\u662f\u5f00\u53d1\u5c31\u53d130\u5b66\u4e60\u5c31\u597d", "author": 1, "c_time": "2019-07-10T02:51:06.713Z", "update_time": "2019-07-10T02:51:06.713Z", "blog_type": 9}}, {"model": "blog.blog", "pk": 34, "fields": {"title": "\u6587\u7ae0--31", "content": "\u6570\u91cf\u7684\u98ce\u666f\u70b9\u65f6\u7a7a\u88c2\u7f1d\u5c31\u6253\u7b97\u79bb\u5f00\u623f\u95f4\u90fd\u662f\u5f00\u53d1\u5c31\u53d131\u5b66\u4e60\u5c31\u597d", "author": 1, "c_time": "2019-07-10T02:51:06.802Z", "update_time": "2019-07-10T02:51:06.802Z", "blog_type": 9}}, {"model": "blog.blog", "pk": 35, "fields": {"title": "\u6587\u7ae0--32", "content": "\u6570\u91cf\u7684\u98ce\u666f\u70b9\u65f6\u7a7a\u88c2\u7f1d\u5c31\u6253\u7b97\u79bb\u5f00\u623f\u95f4\u90fd\u662f\u5f00\u53d1\u5c31\u53d132\u5b66\u4e60\u5c31\u597d", "author": 1, "c_time": "2019-07-10T02:51:06.889Z", "update_time": "2019-07-10T02:51:06.889Z", "blog_type": 12}}, {"model": "blog.blog", "pk": 36, "fields": {"title": "\u6587\u7ae0--33", "content": "\u6570\u91cf\u7684\u98ce\u666f\u70b9\u65f6\u7a7a\u88c2\u7f1d\u5c31\u6253\u7b97\u79bb\u5f00\u623f\u95f4\u90fd\u662f\u5f00\u53d1\u5c31\u53d133\u5b66\u4e60\u5c31\u597d", "author": 1, "c_time": "2019-07-10T02:51:06.968Z", "update_time": "2019-07-10T02:51:06.968Z", "blog_type": 11}}, {"model": "blog.blog", "pk": 37, "fields": {"title": "\u6587\u7ae0--34", "content": "\u6570\u91cf\u7684\u98ce\u666f\u70b9\u65f6\u7a7a\u88c2\u7f1d\u5c31\u6253\u7b97\u79bb\u5f00\u623f\u95f4\u90fd\u662f\u5f00\u53d1\u5c31\u53d134\u5b66\u4e60\u5c31\u597d", "author": 1, "c_time": "2019-07-10T02:51:07.068Z", "update_time": "2019-07-10T02:51:07.068Z", "blog_type": 8}}, {"model": "blog.blog", "pk": 38, "fields": {"title": "\u6587\u7ae0--35", "content": "\u6570\u91cf\u7684\u98ce\u666f\u70b9\u65f6\u7a7a\u88c2\u7f1d\u5c31\u6253\u7b97\u79bb\u5f00\u623f\u95f4\u90fd\u662f\u5f00\u53d1\u5c31\u53d135\u5b66\u4e60\u5c31\u597d", "author": 1, "c_time": "2019-07-10T02:51:07.145Z", "update_time": "2019-07-10T02:51:07.145Z", "blog_type": 13}}, {"model": "blog.blog", "pk": 39, "fields": {"title": "\u6587\u7ae0--36", "content": "\u6570\u91cf\u7684\u98ce\u666f\u70b9\u65f6\u7a7a\u88c2\u7f1d\u5c31\u6253\u7b97\u79bb\u5f00\u623f\u95f4\u90fd\u662f\u5f00\u53d1\u5c31\u53d136\u5b66\u4e60\u5c31\u597d", "author": 1, "c_time": "2019-07-10T02:51:07.223Z", "update_time": "2019-07-10T02:51:07.223Z", "blog_type": 8}}, {"model": "blog.blog", "pk": 40, "fields": {"title": "\u6587\u7ae0--37", "content": "\u6570\u91cf\u7684\u98ce\u666f\u70b9\u65f6\u7a7a\u88c2\u7f1d\u5c31\u6253\u7b97\u79bb\u5f00\u623f\u95f4\u90fd\u662f\u5f00\u53d1\u5c31\u53d137\u5b66\u4e60\u5c31\u597d", "author": 1, "c_time": "2019-07-10T02:51:07.312Z", "update_time": "2019-07-10T02:51:07.312Z", "blog_type": 12}}, {"model": "blog.blog", "pk": 41, "fields": {"title": "\u6587\u7ae0--38", "content": "\u6570\u91cf\u7684\u98ce\u666f\u70b9\u65f6\u7a7a\u88c2\u7f1d\u5c31\u6253\u7b97\u79bb\u5f00\u623f\u95f4\u90fd\u662f\u5f00\u53d1\u5c31\u53d138\u5b66\u4e60\u5c31\u597d", "author": 1, "c_time": "2019-07-10T02:51:07.388Z", "update_time": "2019-07-10T02:51:07.388Z", "blog_type": 13}}, {"model": "blog.blog", "pk": 42, "fields": {"title": "\u6587\u7ae0--39", "content": "\u6570\u91cf\u7684\u98ce\u666f\u70b9\u65f6\u7a7a\u88c2\u7f1d\u5c31\u6253\u7b97\u79bb\u5f00\u623f\u95f4\u90fd\u662f\u5f00\u53d1\u5c31\u53d139\u5b66\u4e60\u5c31\u597d", "author": 1, "c_time": "2019-07-10T02:51:07.521Z", "update_time": "2019-07-10T02:51:07.521Z", "blog_type": 9}}, {"model": "blog.blog", "pk": 43, "fields": {"title": "\u6587\u7ae0--40", "content": "\u6570\u91cf\u7684\u98ce\u666f\u70b9\u65f6\u7a7a\u88c2\u7f1d\u5c31\u6253\u7b97\u79bb\u5f00\u623f\u95f4\u90fd\u662f\u5f00\u53d1\u5c31\u53d140\u5b66\u4e60\u5c31\u597d", "author": 1, "c_time": "2019-07-10T02:51:07.622Z", "update_time": "2019-07-10T02:51:07.622Z", "blog_type": 8}}, {"model": "blog.blog", "pk": 44, "fields": {"title": "\u6587\u7ae0--41", "content": "\u6570\u91cf\u7684\u98ce\u666f\u70b9\u65f6\u7a7a\u88c2\u7f1d\u5c31\u6253\u7b97\u79bb\u5f00\u623f\u95f4\u90fd\u662f\u5f00\u53d1\u5c31\u53d141\u5b66\u4e60\u5c31\u597d", "author": 1, "c_time": "2019-07-10T02:51:07.709Z", "update_time": "2019-07-10T02:51:07.709Z", "blog_type": 11}}, {"model": "blog.blog", "pk": 45, "fields": {"title": "\u6587\u7ae0--42", "content": "\u6570\u91cf\u7684\u98ce\u666f\u70b9\u65f6\u7a7a\u88c2\u7f1d\u5c31\u6253\u7b97\u79bb\u5f00\u623f\u95f4\u90fd\u662f\u5f00\u53d1\u5c31\u53d142\u5b66\u4e60\u5c31\u597d", "author": 1, "c_time": "2019-07-10T02:51:07.798Z", "update_time": "2019-07-10T02:51:07.798Z", "blog_type": 13}}, {"model": "blog.blog", "pk": 46, "fields": {"title": "\u6587\u7ae0--43", "content": "\u6570\u91cf\u7684\u98ce\u666f\u70b9\u65f6\u7a7a\u88c2\u7f1d\u5c31\u6253\u7b97\u79bb\u5f00\u623f\u95f4\u90fd\u662f\u5f00\u53d1\u5c31\u53d143\u5b66\u4e60\u5c31\u597d", "author": 1, "c_time": "2019-07-10T02:51:07.888Z", "update_time": "2019-07-10T02:51:07.888Z", "blog_type": 10}}, {"model": "blog.blog", "pk": 47, "fields": {"title": "\u6587\u7ae0--44", "content": "\u6570\u91cf\u7684\u98ce\u666f\u70b9\u65f6\u7a7a\u88c2\u7f1d\u5c31\u6253\u7b97\u79bb\u5f00\u623f\u95f4\u90fd\u662f\u5f00\u53d1\u5c31\u53d144\u5b66\u4e60\u5c31\u597d", "author": 1, "c_time": "2019-07-10T02:51:07.975Z", "update_time": "2019-07-10T02:51:07.975Z", "blog_type": 9}}, {"model": "blog.blog", "pk": 48, "fields": {"title": "\u6587\u7ae0--45", "content": "\u6570\u91cf\u7684\u98ce\u666f\u70b9\u65f6\u7a7a\u88c2\u7f1d\u5c31\u6253\u7b97\u79bb\u5f00\u623f\u95f4\u90fd\u662f\u5f00\u53d1\u5c31\u53d145\u5b66\u4e60\u5c31\u597d", "author": 1, "c_time": "2019-07-10T02:51:08.064Z", "update_time": "2019-07-10T02:51:08.064Z", "blog_type": 9}}, {"model": "blog.blog", "pk": 49, "fields": {"title": "\u6587\u7ae0--46", "content": "\u6570\u91cf\u7684\u98ce\u666f\u70b9\u65f6\u7a7a\u88c2\u7f1d\u5c31\u6253\u7b97\u79bb\u5f00\u623f\u95f4\u90fd\u662f\u5f00\u53d1\u5c31\u53d146\u5b66\u4e60\u5c31\u597d", "author": 1, "c_time": "2019-07-10T02:51:08.152Z", "update_time": "2019-07-10T02:51:08.152Z", "blog_type": 12}}, {"model": "blog.blog", "pk": 50, "fields": {"title": "\u6587\u7ae0--47", "content": "\u6570\u91cf\u7684\u98ce\u666f\u70b9\u65f6\u7a7a\u88c2\u7f1d\u5c31\u6253\u7b97\u79bb\u5f00\u623f\u95f4\u90fd\u662f\u5f00\u53d1\u5c31\u53d147\u5b66\u4e60\u5c31\u597d", "author": 1, "c_time": "2019-07-10T02:51:08.230Z", "update_time": "2019-07-10T02:51:08.230Z", "blog_type": 13}}, {"model": "blog.blog", "pk": 51, "fields": {"title": "\u6587\u7ae0--48", "content": "\u6570\u91cf\u7684\u98ce\u666f\u70b9\u65f6\u7a7a\u88c2\u7f1d\u5c31\u6253\u7b97\u79bb\u5f00\u623f\u95f4\u90fd\u662f\u5f00\u53d1\u5c31\u53d148\u5b66\u4e60\u5c31\u597d", "author": 1, "c_time": "2019-07-10T02:51:08.307Z", "update_time": "2019-07-10T02:51:08.307Z", "blog_type": 10}}, {"model": "blog.blog", "pk": 52, "fields": {"title": "\u6587\u7ae0--49", "content": "\u6570\u91cf\u7684\u98ce\u666f\u70b9\u65f6\u7a7a\u88c2\u7f1d\u5c31\u6253\u7b97\u79bb\u5f00\u623f\u95f4\u90fd\u662f\u5f00\u53d1\u5c31\u53d149\u5b66\u4e60\u5c31\u597d", "author": 1, "c_time": "2019-07-10T02:51:08.382Z", "update_time": "2019-07-10T02:51:08.382Z", "blog_type": 8}}, {"model": "blog.blog", "pk": 53, "fields": {"title": "\u6587\u7ae0--50", "content": "\u6570\u91cf\u7684\u98ce\u666f\u70b9\u65f6\u7a7a\u88c2\u7f1d\u5c31\u6253\u7b97\u79bb\u5f00\u623f\u95f4\u90fd\u662f\u5f00\u53d1\u5c31\u53d150\u5b66\u4e60\u5c31\u597d", "author": 1, "c_time": "2019-07-10T02:51:08.506Z", "update_time": "2019-07-10T02:51:08.506Z", "blog_type": 12}}, {"model": "blog.blog", "pk": 54, "fields": {"title": "\u6d4b\u8bd5\u65e5\u671f\u5f52\u6863", "content": "<p>\u843d\u540e\u5c31\u8981\u6328\u6253<img alt=\"\" src=\"/media/upload/2019/07/10/2.png\" style=\"height:768px; width:1366px\" /></p>", "author": 2, "c_time": "2019-07-10T09:30:47.004Z", "update_time": "2019-07-10T09:30:47.004Z", "blog_type": 1}}, {"model": "blog.blog", "pk": 55, "fields": {"title": "\u6d4b\u8bd5\u516d\u6708\u5206\u65e5\u671f\u5f52\u6863", "content": "<p>\u6ce8\u610f\u4e8b\u9879</p>", "author": 2, "c_time": "2019-06-19T16:00:00Z", "update_time": "2019-07-10T09:32:27.371Z", "blog_type": 1}}, {"model": "comment.comment", "pk": 1, "fields": {"content_type": 8, "object_id": 53, "text": "<p><span style=\"background-color:#16a085\">\u6211\u7231\u7f8e\u5973<img alt=\"devil\" height=\"23\" src=\"http://localhost:8000/static/ckeditor/ckeditor/plugins/smiley/images/devil_smile.png\" title=\"devil\" width=\"23\" /></span></p>", "comment_time": "2019-07-10T08:24:24.079Z", "user": 1, "root": null, "parent": null, "reply_to": null}}, {"model": "comment.comment", "pk": 2, "fields": {"content_type": 8, "object_id": 53, "text": "<p>\u597d\u50cf\u6211\u4e5f\u662f<img alt=\"cheeky\" height=\"23\" src=\"http://localhost:8000/static/ckeditor/ckeditor/plugins/smiley/images/tongue_smile.png\" title=\"cheeky\" width=\"23\" /></p>", "comment_time": "2019-07-10T08:24:39.691Z", "user": 1, "root": 1, "parent": 1, "reply_to": 1}}, {"model": "comment.comment", "pk": 3, "fields": {"content_type": 8, "object_id": 53, "text": "<p>\u4e00\u6837\u54af</p>", "comment_time": "2019-07-10T08:24:46.767Z", "user": 1, "root": 1, "parent": 2, "reply_to": 1}}, {"model": "comment.comment", "pk": 4, "fields": {"content_type": 8, "object_id": 53, "text": "<p>\u518d\u6765\u4e00\u6761</p>", "comment_time": "2019-07-10T08:24:57.735Z", "user": 1, "root": null, "parent": null, "reply_to": null}}, {"model": "comment.comment", "pk": 5, "fields": {"content_type": 8, "object_id": 12, "text": "<p>\u662f\u7684\u8303\u5fb7\u8428\u53d1\u751f\u7684</p>", "comment_time": "2019-07-10T08:48:54.987Z", "user": 1, "root": null, "parent": null, "reply_to": null}}, {"model": "comment.comment", "pk": 6, "fields": {"content_type": 8, "object_id": 53, "text": "<p>hello</p>", "comment_time": "2019-07-10T10:08:32.369Z", "user": 1, "root": null, "parent": null, "reply_to": null}}, {"model": "comment.comment", "pk": 7, "fields": {"content_type": 8, "object_id": 53, "text": "<p>good morning</p>", "comment_time": "2019-07-10T10:40:47.158Z", "user": 1, "root": null, "parent": null, "reply_to": null}}, {"model": "comment.comment", "pk": 8, "fields": {"content_type": 8, "object_id": 53, "text": "<p>what</p>\r\n\r\n<p>&nbsp;</p>", "comment_time": "2019-07-10T10:41:05.006Z", "user": 1, "root": 7, "parent": 7, "reply_to": 1}}, {"model": "comment.comment", "pk": 9, "fields": {"content_type": 8, "object_id": 53, "text": "<p>123</p>", "comment_time": "2019-07-10T10:41:26.061Z", "user": 1, "root": 7, "parent": 8, "reply_to": 1}}, {"model": "comment.comment", "pk": 10, "fields": {"content_type": 8, "object_id": 54, "text": "<p>fsdaf</p>", "comment_time": "2019-07-10T10:42:03.997Z", "user": 1, "root": null, "parent": null, "reply_to": null}}, {"model": "comment.comment", "pk": 11, "fields": {"content_type": 8, "object_id": 54, "text": "<p>dsf</p>", "comment_time": "2019-07-10T10:43:26.181Z", "user": 1, "root": 10, "parent": 10, "reply_to": 1}}, {"model": "comment.comment", "pk": 12, "fields": {"content_type": 8, "object_id": 54, "text": "<p>fds</p>", "comment_time": "2019-07-10T10:47:40.619Z", "user": 1, "root": null, "parent": null, "reply_to": null}}, {"model": "comment.comment", "pk": 13, "fields": {"content_type": 8, "object_id": 54, "text": "<p>fds</p>", "comment_time": "2019-07-10T10:47:43.374Z", "user": 1, "root": null, "parent": null, "reply_to": null}}, {"model": "comment.comment", "pk": 14, "fields": {"content_type": 8, "object_id": 54, "text": "<p>fdsfdsfsd</p>", "comment_time": "2019-07-10T10:47:51.897Z", "user": 1, "root": 10, "parent": 11, "reply_to": 1}}, {"model": "comment.comment", "pk": 15, "fields": {"content_type": 8, "object_id": 54, "text": "<p>fdsfdsfsd</p>", "comment_time": "2019-07-10T10:47:52.934Z", "user": 1, "root": 10, "parent": 11, "reply_to": 1}}, {"model": "comment.comment", "pk": 16, "fields": {"content_type": 8, "object_id": 54, "text": "<p>fdsfdsfsd</p>", "comment_time": "2019-07-10T10:47:53.116Z", "user": 1, "root": 10, "parent": 11, "reply_to": 1}}, {"model": "comment.comment", "pk": 17, "fields": {"content_type": 8, "object_id": 54, "text": "<p>fdsfdsfsd</p>", "comment_time": "2019-07-10T10:47:53.355Z", "user": 1, "root": 10, "parent": 11, "reply_to": 1}}, {"model": "comment.comment", "pk": 18, "fields": {"content_type": 8, "object_id": 54, "text": "<p>dfs</p>", "comment_time": "2019-07-10T10:49:16.967Z", "user": 1, "root": null, "parent": null, "reply_to": null}}, {"model": "comment.comment", "pk": 19, "fields": {"content_type": 8, "object_id": 54, "text": "<p>fsdf</p>", "comment_time": "2019-07-10T10:49:55.398Z", "user": 1, "root": null, "parent": null, "reply_to": null}}, {"model": "comment.comment", "pk": 20, "fields": {"content_type": 8, "object_id": 54, "text": "<p>fdsgaggg</p>", "comment_time": "2019-07-10T10:50:01.080Z", "user": 1, "root": 19, "parent": 19, "reply_to": 1}}, {"model": "comment.comment", "pk": 21, "fields": {"content_type": 8, "object_id": 52, "text": "<p>\u6211\u662f\u8c01</p>", "comment_time": "2019-07-11T06:01:47.357Z", "user": 2, "root": null, "parent": null, "reply_to": null}}, {"model": "comment.comment", "pk": 22, "fields": {"content_type": 8, "object_id": 52, "text": "<p>\u6211\u662f\u6211\u81ea\u5df1</p>", "comment_time": "2019-07-11T06:01:54.271Z", "user": 2, "root": 21, "parent": 21, "reply_to": 2}}, {"model": "comment.comment", "pk": 23, "fields": {"content_type": 8, "object_id": 52, "text": "<p>hello</p>", "comment_time": "2019-07-11T06:05:13.115Z", "user": 2, "root": null, "parent": null, "reply_to": null}}, {"model": "comment.comment", "pk": 24, "fields": {"content_type": 8, "object_id": 49, "text": "<p>i am python</p>", "comment_time": "2019-07-12T05:12:50.872Z", "user": 1, "root": null, "parent": null, "reply_to": null}}, {"model": "comment.comment", "pk": 25, "fields": {"content_type": 8, "object_id": 49, "text": "<p>oh&nbsp; good</p>", "comment_time": "2019-07-12T05:13:11.619Z", "user": 1, "root": 24, "parent": 24, "reply_to": 1}}, {"model": "comment.comment", "pk": 26, "fields": {"content_type": 8, "object_id": 49, "text": "<p>i an admin</p>", "comment_time": "2019-07-12T05:19:46.904Z", "user": 2, "root": 24, "parent": 25, "reply_to": 1}}, {"model": "comment.comment", "pk": 27, "fields": {"content_type": 8, "object_id": 49, "text": "<p>i am admin</p>", "comment_time": "2019-07-12T05:19:56.472Z", "user": 2, "root": null, "parent": null, "reply_to": null}}, {"model": "comment.comment", "pk": 28, "fields": {"content_type": 8, "object_id": 49, "text": "<p>oh mygod</p>", "comment_time": "2019-07-12T05:20:42.319Z", "user": 1, "root": 27, "parent": 27, "reply_to": 2}}, {"model": "comment.comment", "pk": 29, "fields": {"content_type": 8, "object_id": 49, "text": "<p>what</p>\r\n\r\n<p>&nbsp;</p>", "comment_time": "2019-07-12T05:45:02.016Z", "user": 1, "root": 27, "parent": 27, "reply_to": 2}}, {"model": "comment.comment", "pk": 30, "fields": {"content_type": 8, "object_id": 49, "text": "<p>who are you</p>", "comment_time": "2019-07-12T05:46:10.379Z", "user": 1, "root": 24, "parent": 26, "reply_to": 2}}, {"model": "comment.comment", "pk": 31, "fields": {"content_type": 8, "object_id": 49, "text": "<p>321</p>", "comment_time": "2019-07-12T05:46:38.117Z", "user": 1, "root": null, "parent": null, "reply_to": null}}, {"model": "comment.comment", "pk": 32, "fields": {"content_type": 8, "object_id": 49, "text": "<p>123</p>", "comment_time": "2019-07-12T05:47:54.596Z", "user": 1, "root": 31, "parent": 31, "reply_to": 1}}, {"model": "comment.comment", "pk": 33, "fields": {"content_type": 8, "object_id": 49, "text": "<p>fffffffff</p>", "comment_time": "2019-07-12T05:50:34.774Z", "user": 1, "root": null, "parent": null, "reply_to": null}}, {"model": "comment.comment", "pk": 34, "fields": {"content_type": 8, "object_id": 49, "text": "<p>fdsfdsfdsfdsdsfsdfdsafasdfsdaf</p>", "comment_time": "2019-07-12T05:50:45.989Z", "user": 1, "root": null, "parent": null, "reply_to": null}}, {"model": "comment.comment", "pk": 35, "fields": {"content_type": 8, "object_id": 49, "text": "<p>fsdafsdfsdfasdfds</p>", "comment_time": "2019-07-12T05:50:58.236Z", "user": 1, "root": 33, "parent": 33, "reply_to": 1}}, {"model": "comment.comment", "pk": 36, "fields": {"content_type": 8, "object_id": 49, "text": "<p>fsadfsdfsd</p>", "comment_time": "2019-07-12T05:51:20.914Z", "user": 1, "root": 27, "parent": 27, "reply_to": 2}}, {"model": "comment.comment", "pk": 37, "fields": {"content_type": 8, "object_id": 49, "text": "<p>fsadfsdf</p>", "comment_time": "2019-07-12T05:55:07.437Z", "user": 2, "root": 34, "parent": 34, "reply_to": 1}}, {"model": "comment.comment", "pk": 38, "fields": {"content_type": 8, "object_id": 49, "text": "<p>dfsd</p>", "comment_time": "2019-07-12T05:55:55.832Z", "user": 2, "root": null, "parent": null, "reply_to": null}}, {"model": "comment.comment", "pk": 39, "fields": {"content_type": 8, "object_id": 49, "text": "<p>dfsdfds</p>", "comment_time": "2019-07-12T05:56:21.149Z", "user": 2, "root": null, "parent": null, "reply_to": null}}, {"model": "comment.comment", "pk": 40, "fields": {"content_type": 8, "object_id": 49, "text": "<p>\u4e3a\u4ec0\u4e48\u53d1\u5e03\u51fa\u53bb</p>", "comment_time": "2019-07-12T05:57:17.539Z", "user": 2, "root": null, "parent": null, "reply_to": null}}, {"model": "comment.comment", "pk": 41, "fields": {"content_type": 8, "object_id": 49, "text": "<p>\u5c31\u662f\u53d1\u5e03\u51fa\u53bb\u554a</p>", "comment_time": "2019-07-12T05:58:39.299Z", "user": 2, "root": 24, "parent": 24, "reply_to": 1}}, {"model": "comment.comment", "pk": 42, "fields": {"content_type": 8, "object_id": 49, "text": "<p>\u8fd9\u4e0b\u5462</p>\r\n\r\n<p>&nbsp;</p>", "comment_time": "2019-07-12T05:59:40.494Z", "user": 1, "root": 33, "parent": 35, "reply_to": 1}}, {"model": "comment.comment", "pk": 43, "fields": {"content_type": 8, "object_id": 49, "text": "<p>\u591a\u7ebf\u7a0b\u6d4b\u8bd5</p>", "comment_time": "2019-07-12T06:17:20.706Z", "user": 1, "root": null, "parent": null, "reply_to": null}}, {"model": "comment.comment", "pk": 44, "fields": {"content_type": 8, "object_id": 49, "text": "<p>\u624b\u52a8\u6d4b\u8bd5</p>", "comment_time": "2019-07-12T06:18:25.613Z", "user": 1, "root": null, "parent": null, "reply_to": null}}, {"model": "comment.comment", "pk": 45, "fields": {"content_type": 8, "object_id": 49, "text": "<p>\u5728\u6d4b\u8bd5\u4e00\u6b21</p>", "comment_time": "2019-07-12T06:18:42.653Z", "user": 1, "root": null, "parent": null, "reply_to": null}}, {"model": "comment.comment", "pk": 46, "fields": {"content_type": 8, "object_id": 49, "text": "<p>html\u90ae\u4ef6\u6d4b\u8bd5</p>", "comment_time": "2019-07-12T06:24:41.206Z", "user": 1, "root": null, "parent": null, "reply_to": null}}, {"model": "comment.comment", "pk": 47, "fields": {"content_type": 8, "object_id": 49, "text": "<p>html\u6a21\u677f\u9875\u9762\u6d4b\u8bd5</p>", "comment_time": "2019-07-12T06:32:16.931Z", "user": 1, "root": null, "parent": null, "reply_to": null}}, {"model": "comment.comment", "pk": 48, "fields": {"content_type": 8, "object_id": 49, "text": "<p>html\u6a21\u677f\u53d1\u9001\u90ae\u4ef6\u6d4b\u8bd5</p>", "comment_time": "2019-07-12T06:33:54.610Z", "user": 1, "root": null, "parent": null, "reply_to": null}}, {"model": "comment.comment", "pk": 49, "fields": {"content_type": 8, "object_id": 49, "text": "<p>\u6211\u4e0d\u4fe1\u8fd8\u4e0d\u5bf9\uff0c\u8fd9\u6b21\u52a0\u4e86safe</p>", "comment_time": "2019-07-12T06:35:31.713Z", "user": 1, "root": null, "parent": null, "reply_to": null}}, {"model": "comment.comment", "pk": 50, "fields": {"content_type": 8, "object_id": 49, "text": "<p>\u6ca1\u6709\u90e8\u7f72\u4e4b\u524d</p>", "comment_time": "2019-07-12T06:39:57.850Z", "user": 1, "root": null, "parent": null, "reply_to": null}}, {"model": "login.profile", "pk": 1, "fields": {"user": 1, "nickname": "\u8001\u677f\u5a18"}}, {"model": "login.profile", "pk": 2, "fields": {"user": 2, "nickname": "\u5343\u5e74\u8001\u4e8c"}}, {"model": "likes.likerecord", "pk": 1, "fields": {"content_type": 8, "object_id": 22, "user": 1, "liked_time": "2019-07-10T09:10:37.974Z"}}, {"model": "likes.likerecord", "pk": 10, "fields": {"content_type": 8, "object_id": 20, "user": 1, "liked_time": "2019-07-10T09:27:10.782Z"}}, {"model": "likes.likerecord", "pk": 11, "fields": {"content_type": 8, "object_id": 20, "user": 2, "liked_time": "2019-07-10T09:27:41.651Z"}}, {"model": "likes.likerecord", "pk": 15, "fields": {"content_type": 8, "object_id": 53, "user": 2, "liked_time": "2019-07-10T09:28:40.460Z"}}, {"model": "likes.likerecord", "pk": 17, "fields": {"content_type": 11, "object_id": 1, "user": 1, "liked_time": "2019-07-10T10:06:59.130Z"}}, {"model": "likes.likerecord", "pk": 20, "fields": {"content_type": 11, "object_id": 8, "user": 1, "liked_time": "2019-07-10T10:41:21.164Z"}}, {"model": "likes.likerecord", "pk": 23, "fields": {"content_type": 11, "object_id": 20, "user": 1, "liked_time": "2019-07-10T10:50:02.286Z"}}, {"model": "likes.likerecord", "pk": 24, "fields": {"content_type": 11, "object_id": 7, "user": 1, "liked_time": "2019-07-10T11:12:41.194Z"}}, {"model": "likes.likerecord", "pk": 26, "fields": {"content_type": 11, "object_id": 21, "user": 2, "liked_time": "2019-07-11T06:07:09.685Z"}}, {"model": "likes.likerecord", "pk": 27, "fields": {"content_type": 11, "object_id": 29, "user": 1, "liked_time": "2019-07-12T05:45:18.480Z"}}, {"model": "likes.likerecord", "pk": 28, "fields": {"content_type": 11, "object_id": 34, "user": 2, "liked_time": "2019-07-12T05:55:01.544Z"}}, {"model": "admin.logentry", "pk": 1, "fields": {"action_time": "2019-07-09T10:46:15.897Z", "user": 1, "content_type": 7, "object_id": "1", "object_repr": "\u5fc3\u5f97", "action_flag": 1, "change_message": "[{\"added\": {}}]"}}, {"model": "admin.logentry", "pk": 2, "fields": {"action_time": "2019-07-10T09:04:17.874Z", "user": 1, "content_type": 13, "object_id": "24", "object_repr": "LikeCount object (24)", "action_flag": 3, "change_message": ""}}, {"model": "admin.logentry", "pk": 3, "fields": {"action_time": "2019-07-10T09:04:18.029Z", "user": 1, "content_type": 13, "object_id": "23", "object_repr": "LikeCount object (23)", "action_flag": 3, "change_message": ""}}, {"model": "admin.logentry", "pk": 4, "fields": {"action_time": "2019-07-10T09:04:18.106Z", "user": 1, "content_type": 13, "object_id": "22", "object_repr": "LikeCount object (22)", "action_flag": 3, "change_message": ""}}, {"model": "admin.logentry", "pk": 5, "fields": {"action_time": "2019-07-10T09:04:18.183Z", "user": 1, "content_type": 13, "object_id": "21", "object_repr": "LikeCount object (21)", "action_flag": 3, "change_message": ""}}, {"model": "admin.logentry", "pk": 6, "fields": {"action_time": "2019-07-10T09:04:18.294Z", "user": 1, "content_type": 13, "object_id": "20", "object_repr": "LikeCount object (20)", "action_flag": 3, "change_message": ""}}, {"model": "admin.logentry", "pk": 7, "fields": {"action_time": "2019-07-10T09:04:18.383Z", "user": 1, "content_type": 13, "object_id": "19", "object_repr": "LikeCount object (19)", "action_flag": 3, "change_message": ""}}, {"model": "admin.logentry", "pk": 8, "fields": {"action_time": "2019-07-10T09:04:18.471Z", "user": 1, "content_type": 13, "object_id": "18", "object_repr": "LikeCount object (18)", "action_flag": 3, "change_message": ""}}, {"model": "admin.logentry", "pk": 9, "fields": {"action_time": "2019-07-10T09:04:18.549Z", "user": 1, "content_type": 13, "object_id": "17", "object_repr": "LikeCount object (17)", "action_flag": 3, "change_message": ""}}, {"model": "admin.logentry", "pk": 10, "fields": {"action_time": "2019-07-10T09:04:18.626Z", "user": 1, "content_type": 13, "object_id": "16", "object_repr": "LikeCount object (16)", "action_flag": 3, "change_message": ""}}, {"model": "admin.logentry", "pk": 11, "fields": {"action_time": "2019-07-10T09:04:18.704Z", "user": 1, "content_type": 13, "object_id": "15", "object_repr": "LikeCount object (15)", "action_flag": 3, "change_message": ""}}, {"model": "admin.logentry", "pk": 12, "fields": {"action_time": "2019-07-10T09:04:18.781Z", "user": 1, "content_type": 13, "object_id": "14", "object_repr": "LikeCount object (14)", "action_flag": 3, "change_message": ""}}, {"model": "admin.logentry", "pk": 13, "fields": {"action_time": "2019-07-10T09:04:18.859Z", "user": 1, "content_type": 13, "object_id": "13", "object_repr": "LikeCount object (13)", "action_flag": 3, "change_message": ""}}, {"model": "admin.logentry", "pk": 14, "fields": {"action_time": "2019-07-10T09:04:18.936Z", "user": 1, "content_type": 13, "object_id": "12", "object_repr": "LikeCount object (12)", "action_flag": 3, "change_message": ""}}, {"model": "admin.logentry", "pk": 15, "fields": {"action_time": "2019-07-10T09:04:19.014Z", "user": 1, "content_type": 13, "object_id": "11", "object_repr": "LikeCount object (11)", "action_flag": 3, "change_message": ""}}, {"model": "admin.logentry", "pk": 16, "fields": {"action_time": "2019-07-10T09:04:19.124Z", "user": 1, "content_type": 13, "object_id": "10", "object_repr": "LikeCount object (10)", "action_flag": 3, "change_message": ""}}, {"model": "admin.logentry", "pk": 17, "fields": {"action_time": "2019-07-10T09:04:19.191Z", "user": 1, "content_type": 13, "object_id": "9", "object_repr": "LikeCount object (9)", "action_flag": 3, "change_message": ""}}, {"model": "admin.logentry", "pk": 18, "fields": {"action_time": "2019-07-10T09:04:19.313Z", "user": 1, "content_type": 13, "object_id": "8", "object_repr": "LikeCount object (8)", "action_flag": 3, "change_message": ""}}, {"model": "admin.logentry", "pk": 19, "fields": {"action_time": "2019-07-10T09:04:19.389Z", "user": 1, "content_type": 13, "object_id": "7", "object_repr": "LikeCount object (7)", "action_flag": 3, "change_message": ""}}, {"model": "admin.logentry", "pk": 20, "fields": {"action_time": "2019-07-10T09:04:19.467Z", "user": 1, "content_type": 13, "object_id": "6", "object_repr": "LikeCount object (6)", "action_flag": 3, "change_message": ""}}, {"model": "admin.logentry", "pk": 21, "fields": {"action_time": "2019-07-10T09:04:19.556Z", "user": 1, "content_type": 13, "object_id": "5", "object_repr": "LikeCount object (5)", "action_flag": 3, "change_message": ""}}, {"model": "admin.logentry", "pk": 22, "fields": {"action_time": "2019-07-10T09:04:19.634Z", "user": 1, "content_type": 13, "object_id": "4", "object_repr": "LikeCount object (4)", "action_flag": 3, "change_message": ""}}, {"model": "admin.logentry", "pk": 23, "fields": {"action_time": "2019-07-10T09:04:19.712Z", "user": 1, "content_type": 13, "object_id": "3", "object_repr": "LikeCount object (3)", "action_flag": 3, "change_message": ""}}, {"model": "admin.logentry", "pk": 24, "fields": {"action_time": "2019-07-10T09:04:19.789Z", "user": 1, "content_type": 13, "object_id": "2", "object_repr": "LikeCount object (2)", "action_flag": 3, "change_message": ""}}, {"model": "admin.logentry", "pk": 25, "fields": {"action_time": "2019-07-10T09:04:19.866Z", "user": 1, "content_type": 13, "object_id": "1", "object_repr": "LikeCount object (1)", "action_flag": 3, "change_message": ""}}, {"model": "admin.logentry", "pk": 26, "fields": {"action_time": "2019-07-10T09:30:47.005Z", "user": 1, "content_type": 8, "object_id": "54", "object_repr": "\u6d4b\u8bd5\u65e5\u671f\u5f52\u6863", "action_flag": 1, "change_message": "[{\"added\": {}}]"}}, {"model": "admin.logentry", "pk": 27, "fields": {"action_time": "2019-07-10T09:32:27.372Z", "user": 1, "content_type": 8, "object_id": "55", "object_repr": "\u6d4b\u8bd5\u516d\u6708\u5206\u65e5\u671f\u5f52\u6863", "action_flag": 1, "change_message": "[{\"added\": {}}]"}}, {"model": "admin.logentry", "pk": 28, "fields": {"action_time": "2019-07-11T02:26:53.750Z", "user": 1, "content_type": 14, "object_id": "1", "object_repr": "<Profile: \u738b\u4e8c\u5c0f for python>", "action_flag": 1, "change_message": "[{\"added\": {}}]"}}, {"model": "admin.logentry", "pk": 29, "fields": {"action_time": "2019-07-11T08:24:49.998Z", "user": 1, "content_type": 4, "object_id": "1", "object_repr": "python", "action_flag": 2, "change_message": "[{\"changed\": {\"fields\": [\"email\", \"last_login\"]}}]"}}, {"model": "admin.logentry", "pk": 30, "fields": {"action_time": "2019-07-11T08:34:57.343Z", "user": 1, "content_type": 4, "object_id": "2", "object_repr": "admin", "action_flag": 2, "change_message": "[{\"changed\": {\"fields\": [\"email\", \"last_login\"]}}]"}}, {"model": "admin.logentry", "pk": 31, "fields": {"action_time": "2019-07-12T03:18:55.983Z", "user": 1, "content_type": 4, "object_id": "3", "object_repr": "hello1", "action_flag": 3, "change_message": ""}}, {"model": "admin.logentry", "pk": 32, "fields": {"action_time": "2019-07-12T03:18:56.080Z", "user": 1, "content_type": 4, "object_id": "4", "object_repr": "hello2", "action_flag": 3, "change_message": ""}}, {"model": "admin.logentry", "pk": 33, "fields": {"action_time": "2019-07-12T03:18:56.158Z", "user": 1, "content_type": 4, "object_id": "5", "object_repr": "python3", "action_flag": 3, "change_message": ""}}, {"model": "admin.logentry", "pk": 34, "fields": {"action_time": "2019-07-12T03:18:56.257Z", "user": 1, "content_type": 4, "object_id": "6", "object_repr": "python4", "action_flag": 3, "change_message": ""}}, {"model": "admin.logentry", "pk": 35, "fields": {"action_time": "2019-07-12T03:18:56.334Z", "user": 1, "content_type": 4, "object_id": "7", "object_repr": "python5", "action_flag": 3, "change_message": ""}}]